ClassId,Pah
1,/content/argumes/test/0000.png
1,/content/argumes/test/0001.png
1,/content/argumes/test/0002.png
1,/content/argumes/test/0003.png
1,/content/argumes/test/0004.png
1,/content/argumes/test/0005.png
1,/content/argumes/test/0006.png
1,/content/argumes/test/0007.png
1,/content/argumes/test/0008.png
1,/content/argumes/test/0009.png
1,/content/argumes/test/0010.png
2,/content/argumes/test/0427.png
2,/content/argumes/test/0428.png
2,/content/argumes/test/0429.png
2,/content/argumes/test/0430.png
2,/content/argumes/test/0431.png
2,/content/argumes/test/0432.png
2,/content/argumes/test/0433.png
2,/content/argumes/test/0434.png
2,/content/argumes/test/0435.png
2,/content/argumes/test/0436.png
2,/content/argumes/test/0437.png
3,/content/argumes/test/1189.png
3,/content/argumes/test/1190.png
3,/content/argumes/test/1191.png
3,/content/argumes/test/1192.png
3,/content/argumes/test/1193.png
3,/content/argumes/test/1194.png
3,/content/argumes/test/1195.png
3,/content/argumes/test/1196.png
3,/content/argumes/test/1197.png
3,/content/argumes/test/1198.png
3,/content/argumes/test/1199.png
